Variable Name,Variable Label,cluster_labels,Risk,Score,,,,,,
CCBP_EORS_RATE,"Total number of emergency and other relief services per 1,000 people",0,Transportation Risk,-1,,,,,,
CCBP_TOT_EORS,Total number of emergency and other relief services,0,Transportation Risk,-1,,,,,,
HIFLD_UC,Total number of urgent care organizations,0,Transportation Risk,-1,,,,,,
HIFLD_UC_RATE,"Total number of urgent care organizations per 1,000 population",0,Transportation Risk,-1,,,,,,
POS_HOSP_ED_RATE,"Total number of hospitals with emergency department per 1,000 population",0,Transportation Risk,-1,,,,,,
POS_TOT_HOSP_AMBULANCE,Total number of hospitals with ambulance services,0,Transportation Risk,-1,,,,,,
POS_TOT_HOSP_ED,Total number of hospitals with emergency department,0,Transportation Risk,-1,,,,,,
ERS_RUCA1_2010,Primary Rural-Urban Commuting Area Code 2010  (ZIP level),1,Transportation Risk,0,,,,,,
ERS_RUCA2_2010,Secondary Rural-Urban Commuting Area Code 2010 (ZIP level),1,Transportation Risk,0,,,,,,
POINT_ZIP,Flag for ZIPs associated bulk mail delivery points for large facilities (ZIP level),1,Transportation Risk,0,,,,,,
ZCTA,"ZIP Code Tabulation Area, 5-digits",1,Transportation Risk,0,,,,,,
ZIPCODE,"ZIP Code, 5-digits",1,Transportation Risk,0,,,,,,
AHRF_IP_DAY_NH_HOSP_RATE,"Total number of hospital inpatient days including nursing homes per 1,000 population",3,financial Risk,1,,,,,,
AHRF_IP_DAY_STNG_LT_RATE,"Total number of inpatient days in short-term, non-general, and long-term hospitals per 1,000 population",3,financial Risk,1,,,,,,
AHRF_IP_DAY_ST_G_HOSP_RATE,"Total number of inpatient days in short-term general hospitals per 1,000 population",3,financial Risk,1,,,,,,
AHRF_OP_VST_LT_ER_OP_RATE,"Total number of outpatient visits in long-term hospital emergency departments per 1,000 population",3,financial Risk,1,,,,,,
AHRF_OP_VST_ST_G_ER_OP_RATE,"Total number of outpatient visits in short-term general hospital emergency department and other outpatient visits per 1,000 population",3,financial Risk,1,,,,,,
AHRF_OP_VST_ST_G_OTHR_RATE,"Total number of outpatient visits in other short-term general hospitals per 1,000 population",3,financial Risk,1,,,,,,
AHRF_TOT_ER_VST_ST_G_HOSP,Total number of emergency department visits in short-term general hospitals,3,financial Risk,1,,,,,,
AHRF_TOT_MCR_IP_DAY_ST_G,"Total Medicare inpatient days, short-term general hospitals",3,financial Risk,1,,,,,,
AHRF_TOT_MDCD_IP_DAY_ST_G,"Total Medicaid inpatient days, short-term general hospitals",3,financial Risk,1,,,,,,
AHRF_TOT_OUTPAT_VST_STNGH,Total number of outpatient visits in short-term non-general hospital emergency department and other outpatient visits,3,financial Risk,1,,,,,,
AHRF_MCR_BN_READM_RATE,"Total number of Medicare beneficiary hospital readmission rate, fee for service",5,financial Risk,1,,,,,,
AHRF_PCT_PRESC_PEN,Percentage of Medicare eligible beneficiaries enrolled in a prescription drug plan per 100 population,5,financial Risk,-1,,,,,,
AHRF_PRESC_ENROLLMENT,Total number of Medicare prescription drug plan enrollees,5,financial Risk,-1,,,,,,
AHRF_TOT_MCR_BN_READM,"Total number of Medicare beneficiary acute hospital readmissions, fee for service",5,financial Risk,-1,,,,,,
MGV_PCT_MEDICAID,Percentage of Medicare FFS beneficiaries who are eligible for Medicaid for at least one month,5,financial Risk,-1,,,,,,
MGV_TOT_BEN_FFS,Total number of Medicare FFS beneficiaries,5,financial Risk,-1,,,,,,
MGV_TOT_BEN_PART_A_B,Total number of Medicare beneficiaries with Part A and Part B,5,financial Risk,-1,,,,,,
MP_MEDICARE_ADVTG_ENROLLED,Total number of Medicare Advantage enrollees in the county,5,financial Risk,-1,,,,,,
MP_MEDICARE_ELIGIBLES,Total number of Medicare eligibles in the county,5,financial Risk,-1,,,,,,
MP_PCT_ADVTG_PEN,Percentage of Medicare eligible beneficiaries enrolled in a Medicare Advantage plan per 100 population,5,financial Risk,-1,,,,,,
PC_PCT_MEDICARE_APPRVD_FULL_AMT,Percentage of clinicians who accept Medicare Approved Amounts in full,5,financial Risk,-1,,,,,,
PC_PCT_MCARE_MAY_ACPT_APPRVD_AMT,Percentage of clinicians who may accept the Medicare Approved Amounts,5,financial Risk,-1,,,,,,
AHRF_HOSPS_RATE,"Total number of hospitals per 1,000 population",9,Social Environmental Risk,-1,,,,,,
AHRF_HOSPS_RATE,"Total number of hospitals per 1,000 population",9,Transportation Risk,-1,,,,,,
AHRF_HOSP_MOBILE_RATE,"Total number of hospitals with mobile health services per 1,000 population",9,Social Environmental Risk,-1,,,,,,
AHRF_HOSP_MOBILE_RATE,"Total number of hospitals with mobile health services per 1,000 population",9,Transportation Risk,-1,,,,,,
AHRF_HOSP_TEACHING,Total number of teaching hospitals,9,Social Environmental Risk,-1,,,,,,
AHRF_HOSP_TEACHING,Total number of teaching hospitals,9,Transportation Risk,-1,,,,,,
AHRF_TOT_HOSPS,Total number of hospitals,9,Social Environmental Risk,-1,,,,,,
AHRF_TOT_HOSPS,Total number of hospitals,9,Transportation Risk,-1,,,,,,
AHRF_TOT_HOSP_MOBILE,Total number of hospitals with mobile health services,9,Social Environmental Risk,-1,,,,,,
AHRF_TOT_HOSP_MOBILE,Total number of hospitals with mobile health services,9,Transportation Risk,-1,,,,,,
POS_HOSP_ALC_RATE,"Total number of hospitals with alcohol and/or drug abuse inpatient care per 1,000 population",9,Social Environmental Risk,-1,,,,,,
POS_HOSP_ALC_RATE,"Total number of hospitals with alcohol and/or drug abuse inpatient care per 1,000 population",9,Transportation Risk,-1,,,,,,
POS_HOSP_BURN_RATE,"Total number of hospitals with burn care per 1,000 population",9,Social Environmental Risk,-1,,,,,,
POS_HOSP_BURN_RATE,"Total number of hospitals with burn care per 1,000 population",9,Transportation Risk,-1,,,,,,
POS_TOT_HOSP_ALC,Total number of hospitals with alcohol and/or drug abuse inpatient care,9,Social Environmental Risk,-1,,,,,,
POS_TOT_HOSP_ALC,Total number of hospitals with alcohol and/or drug abuse inpatient care,9,Transportation Risk,-1,,,,,,
POS_TOT_HOSP_BURN,Total number of hospitals with burn care,9,Social Environmental Risk,-1,,,,,,
POS_TOT_HOSP_BURN,Total number of hospitals with burn care,9,Transportation Risk,-1,,,,,,
POS_TOT_HOSP_REHAB,Total number of hospitals with rehabilitative care,9,Social Environmental Risk,-1,,,,,,
POS_TOT_HOSP_REHAB,Total number of hospitals with rehabilitative care,9,Transportation Risk,-1,,,,,,
NOAAS_TOT_FLOOD,Total number of floods,11,Climate Risk,1,,,,,,
NOAAS_TOT_HAIL,Total number of hail events,11,Climate Risk,1,,,,,,
NOAAS_TOT_HEAT_EVENTS,Total number of heat events,11,Climate Risk,1,,,,,,
NOAAS_TOT_HURRICANE_STORM,Total number of hurricanes and tropical storms,11,Climate Risk,1,,,,,,
NOAAS_TOT_STORMEVENT,Total number of storm events,11,Climate Risk,1,,,,,,
NOAAS_TOT_TORNADO,Total number of tornadoes,11,Climate Risk,1,,,,,,
NOAAS_TOT_WILDFIRE,Total number of wildfires,11,Climate Risk,1,,,,,,
NOAAS_TOT_WIND,Total number of wind events,11,Climate Risk,1,,,,,,
ACS_PCT_MEDICARE_ONLY,Percentage of population with Medicare only,13,financial Risk,-1,,,,,,
ACS_PCT_OTHER_INS,Percentage of population with other health insurance coverage combinations,13,financial Risk,-1,,,,,,
ACS_PCT_PRIVATE_ANY,Percentage of population with any private health insurance coverage,13,financial Risk,-1,,,,,,
ACS_PCT_PRIVATE_EMPL,Percentage of population with employer-based health insurance,13,financial Risk,-1,,,,,,
ACS_PCT_PRIVATE_MDCR,Percentage of population with employer-based and Medicare insurance coverage,13,financial Risk,-1,,,,,,
ACS_PCT_PRIVATE_OTHER,Percentage of population with other private-only health insurance combinations,13,financial Risk,-1,,,,,,
ACS_PCT_PRIVATE_SELF,Percentage of population with direct-purchase health insurance only,13,financial Risk,-1,,,,,,
ACS_PCT_PUBLIC_OTHER,Percentage of population with other public-only health insurance combinations,13,financial Risk,-1,,,,,,
ACS_PCT_PVT_EMPL_DRCT,Percentage of population with employer-based and direct-purchase coverage,13,financial Risk,-1,,,,,,
ACS_PCT_PVT_EMPL_DRCT_BELOW64,Percentage of population with employer-based and direct-purchase coverage (ages 64 and below),13,financial Risk,-1,,,,,,
CCBP_PCT_HEALTH_EMPLOYMENT,Percentage of employment attributed to health care,13,financial Risk,-1,,,,,,
AHRF_PREV_HOSP_RATE,Preventable hospital stays rate,14,Transportation Risk,1,,,,,,
POS_PCT_HOSP_FOR_PROFIT,Percentage of hospitals that are private for-profit hospitals,14,Transportation Risk,1,,,,,,
POS_PCT_HOSP_GOV,"Percentage of hospitals that are government (federal, state, local, district) hospitals",14,Transportation Risk,-1,,,,,,
POS_PCT_HOSP_NON_PROFIT,Percentage of hospitals that are private not-for-profit hospitals,14,Transportation Risk,-1,,,,,,
CCD_TOT_STUDENTS,Total enrollment,18,Educational Challenges,-1,,,,,,
CRDC_PCT_APEXAM_ONEORMORE,Percentage of all students who took one or more Advanced Placement exams,18,Educational Challenges,-1,,,,,,
CRDC_PCT_GTENR_STUDENTS,Percentage of all students who are enrolled in a gifted and talented education program,18,Educational Challenges,-1,,,,,,
CRDC_PCT_LAW_REFERRAL,Percentage of all students who were referred to a law enforcement agency,18,Educational Challenges,-1,,,,,,
CRDC_PCT_LEP_STUDENTS,Percentage of all students with limited English proficiency,18,Educational Challenges,-1,,,,,,
CRDC_PCT_RETAIN,Percentage of all students who were retained,18,Educational Challenges,-1,,,,,,
CRDC_TOT_DIST_ENROLL,Total number of students enrolled in distance educational courses,18,Educational Challenges,1,,,,,,
CRDC_TOT_STUD_IDEA,Total number of Individuals with Disabilities Education Act (IDEA) students in the county,18,Educational Challenges,-1,,,,,,
CRDC_TOT_STUD_LEP,Total number of students with limited English proficiency in the county,18,Educational Challenges,1,,,,,,
AMFAR_MEDAMATFAC_RATE,"Total number of substance abuse treatment facilities offering all three medication assisted treatment services that accept Medicaid per 1,000 population",23,Social Environmental Risk,-1,,,,,,
AMFAR_MEDSAFAC_RATE,"Total number of substance abuse services facilities accepting Medicaid per 1,000 population",23,Social Environmental Risk,-1,,,,,,
AMFAR_TOT_AMATFAC,Total number of substance abuse treatment facilities with all three medication assisted treatment services,23,Social Environmental Risk,-1,,,,,,
AMFAR_TOT_MEDAMATFAC,Total number of substance abuse treatment facilities offering all three medication assisted treatment services that accept Medicaid,23,Social Environmental Risk,-1,,,,,,
AMFAR_TOT_MEDSAFAC,Total number of substance abuse services facilities accepting Medicaid,23,Social Environmental Risk,-1,,,,,,
MGV_PER_CAPITA_ACTUAL_EM,Per capita Medicare E&M actual payment,24,financial Risk,-1,,,,,,
MGV_PER_CAPITA_ACTUAL_HC,Per capita Medicare FQHC/RHC actual payment,24,financial Risk,-1,,,,,,
MGV_PER_CAPITA_ACTUAL_IP,Per capita Medicare inpatient actual payment,24,financial Risk,-1,,,,,,
MGV_PER_CAPITA_ACTUAL_OP,Per capita Medicare outpatient actual payment,24,financial Risk,-1,,,,,,
MGV_PER_CAPITA_ACTUAL_PA,Per capita Medicare post acute care actual payment,24,financial Risk,-1,,,,,,
MGV_PER_CAPITA_STD_EM,Per capita Medicare E&M standardized payment,24,financial Risk,-1,,,,,,
MGV_PER_CAPITA_STD_HC,Per capita Medicare FQHC/RHC standardized payment,24,financial Risk,-1,,,,,,
MGV_PER_CAPITA_STD_IP,Per capita Medicare inpatient standardized payment,24,financial Risk,-1,,,,,,
MGV_PER_CAPITA_STD_OP,Per capita Medicare outpatient standardized payment,24,financial Risk,-1,,,,,,
MGV_PER_CAPITA_STD_PA,Per capita Medicare post acute care standardized payment,24,financial Risk,-1,,,,,,
CCBP_CFS_RATE,"Total number of community food services per 1,000 people",26,Food Security,1,,,,,,
CCBP_FF_RATE,"Total number of limited service restaurants (fast food establishments) per 1,000 people",26,Food Security,1,,,,,,
CCBP_FSR_RATE,"Total number of full service restaurants per 1,000 people",26,Food Security,1,,,,,,
CCBP_TOT_CFS,Total number of community food services,26,Food Security,1,,,,,,
CCBP_TOT_FF,Total number of limited service restaurants (fast food establishments),26,Food Security,1,,,,,,
CCBP_TOT_FSR,Total number of full service restaurants,26,Food Security,1,,,,,,
FEA_TOT_FOODBANK,Total number of food banks (from Feeding America's nationwide network of food banks),26,Food Security,1,,,,,,
SAIPE_PCT_POV_0_17,Estimated percentage of people aged 0-17 in poverty,31,financial Risk,1,,,,,,
SAIPE_TOT_POV_0_17,Estimated number of people aged 0-17 in poverty,31,financial Risk,1,,,,,,
SAIPE_TOT_POV_5_17,Estimated number of related children aged 5-17 in families in poverty,31,financial Risk,1,,,,,,
ACS_PCT_NONVET_POV_18_64,Percentage of civilian nonveterans with income below the poverty level in the past 12 months (between ages 18 and 64),31,financial Risk,1,,,,,,
ACS_PCT_VET_POV_18_64,Percentage of civilian veterans with income below the poverty level in past 12 months (between ages 18 and 64),31,financial Risk,1,,,,,,
SAIPE_PCT_POV,Estimated percentage of people of all ages in poverty,31,financial Risk,1,,,,,,
SAIPE_PCT_POV_5_17,Estimated percentage of related children aged 5-17 in families in poverty,31,financial Risk,1,,,,,,
SAIPE_TOT_POV,Estimated number of people of all ages in poverty,31,financial Risk,1,,,,,,
ACS_PCT_GRP_QRT,Percentage of persons in institutionalized group quarters,33,Social Environmental Risk,-1,,,,,,
CCBP_SA_RATE,"Total number of social associations per 1,000 people",33,Social Environmental Risk,-1,,,,,,
CCBP_TOT_SA,Total number of social associations,33,Social Environmental Risk,-1,,,,,,
CRDC_TOT_ALT,Total number of alternative schools in the county,35,Educational Challenges,-1,,,,,,
CRDC_TOT_CHARTER,Total number of charter schools in the county,35,Educational Challenges,-1,,,,,,
CRDC_TOT_LEA,Total number of Local Education Authorities in a county,35,Educational Challenges,-1,,,,,,
CRDC_TOT_MAGNET,Total number of magnet schools or schools operating a magnet program in the county,35,Educational Challenges,-1,,,,,,
CRDC_TOT_SCHOOLS,Total number of public schools in the county,35,Educational Challenges,-1,,,,,,
CRDC_TOT_SCH_FIREARM,Total number of schools in the county with at least one incident that involved a shooting,35,Educational Challenges,1,,,,,,
CRDC_TOT_SPEDS,Total number of special education schools in the county,35,Educational Challenges,-1,,,,,,
CRDC_TOT_STUDENTS,Total number of students in the county,35,Educational Challenges,-1,,,,,,
AHRF_CARDIAC_IC_HOSP_RATE,"Total number of short-term general hospitals with cardiac intensive care per 1,000 population",36,Transportation Risk,-1,,,,,,
AHRF_LT_HOSP_RATE,"Total number of long-term hospitals per 1,000 population",36,Transportation Risk,-1,,,,,,
AHRF_OPRT_ROOM_RATE,"Total number of operating rooms in short-term general hospitals per 1,000 population",36,Transportation Risk,-1,,,,,,
AHRF_ST_COMM_HOSP_RATE,"Total number of short-term community hospitals per 1,000 population",36,Transportation Risk,-1,,,,,,
AHRF_ST_G_HOSP_RATE,"Total number of short-term general hospitals per 1,000 population",36,Transportation Risk,-1,,,,,,
AHRF_ST_N_G_HOSP_RATE,"Total number of short-term non-general hospitals per 1,000 population",36,Transportation Risk,-1,,,,,,
AHRF_TOT_CARDIAC_IC_HOSP,Total number of short-term general hospitals with cardiac intensive care,36,Transportation Risk,-1,,,,,,
AHRF_TOT_OPRT_ROOM,Total number of operating rooms in short-term general hospitals,36,Transportation Risk,-1,,,,,,
AHRF_TOT_ST_COMM_HOSP,Total number of short-term community hospitals,36,Transportation Risk,-1,,,,,,
AHRF_TOT_ST_G_HOSP,Total number of short-term general hospitals,36,Transportation Risk,-1,,,,,,
AHRF_TOT_ST_N_G_HOSP,Total number of short-term non-general hospitals,36,Transportation Risk,-1,,,,,,
ACS_MDN_GRNDPRNT_INC,"Median income of grandparent householder and/or spouse responsible for grandchildren under 18 (dollars, inflation-adjusted to data file year)",37,financial Risk,-1,,,,,,
ACS_MDN_GRNDPRNT_NO_PRNT_INC,"Median income of grandparent householder and/or spouse responsible for grandchildren under 18 and no parent present (dollars, inflation-adjusted to data file year)",37,financial Risk,-1,,,,,,
ACS_PCT_CHILDREN_GRANDPARENT,Percentage of children living with a grandparent householder (ages 17 and below),37,financial Risk,1,,,,,,
ACS_PCT_GRANDP_NO_RESPS,Percentage of children living with grandparent householder whose grandparent is not responsible for them,37,financial Risk,-1,,,,,,
ACS_PCT_GRANDP_RESPS_NO_P,Percentage of children living with grandparent householder whose grandparent is responsible for them: parent not present,37,financial Risk,1,,,,,,
ACS_PCT_GRANDP_RESPS_P,Percentage of children living with grandparent householder whose grandparent is responsible for them: parent present,37,financial Risk,1,,,,,,
ACS_TOT_GRANDCHILDREN_GP,Total grandchildren under 18 living with grandparent householder,37,financial Risk,1,,,,,,
ACS_PCT_MEDICAID_ANY_BELOW64,Percentage of population with any Medicaid/means-tested public health insurance coverage (ages 64 and below),43,financial Risk,-1,,,,,,
ACS_PCT_PRIVATE_ANY_BELOW64,Percentage of population with any private health insurance coverage (ages 64 and below),43,financial Risk,-1,,,,,,
ACS_PCT_PRIVATE_EMPL_BELOW64,Percentage of population with employer-based health insurance only (ages 64 and below),43,financial Risk,-1,,,,,,
ACS_PCT_PRIVATE_SELF_BELOW64,Percentage of population with direct-purchase health insurance only (ages 64 and below),43,financial Risk,-1,,,,,,
ACS_PCT_UNINSURED_BELOW64,Percentage of population with no health insurance (ages 64 and below),43,financial Risk,1,,,,,,
ACS_PCT_MEDICAID_ANY,Percentage of population with any Medicaid/means-tested public health insurance coverage,43,financial Risk,-1,,,,,,
ACS_PCT_PRIVATE_MDCR_35_64,Percentage of population with direct-purchase and Medicare health insurance (between ages 35 and 64),43,financial Risk,-1,,,,,,
ACS_PCT_PRIVATE_OTHER_BELOW64,Percentage of population with other private-only health insurance combinations (ages 64 and below),43,financial Risk,-1,,,,,,
ACS_PCT_PUBLIC_OTHER_BELOW64,Percentage of population with other public-only health insurance combinations (ages 64 and below),43,financial Risk,-1,,,,,,
ACS_PCT_SELF_MDCR_ABOVE35,Percentage of population with direct-purchase and Medicare health insurance (ages 35 and over),43,financial Risk,-1,,,,,,
ACS_PCT_UNINSURED,Percentage of population with no health insurance coverage,43,financial Risk,1,,,,,,
FARA_TRACT_LILA_1_20,Indicator for low income and low access tract measured at 1 mile for urban areas and 20 miles for rural areas,44,Transportation Risk,0,,,,,,
FARA_TRACT_LILA_1_20,Indicator for low income and low access tract measured at 1 mile for urban areas and 20 miles for rural areas,44,financial Risk,0,,,,,,
FARA_TRACT_LILA_VEHICLE_20,Indicator for low income and low access tract using vehicle access or low income and low access tract measured at 20 miles,44,Transportation Risk,0,,,,,,
FARA_TRACT_LILA_VEHICLE_20,Indicator for low income and low access tract using vehicle access or low income and low access tract measured at 20 miles,44,financial Risk,0,,,,,,
ACS_TOT_HH,Total number of households,46,Housing Challenges,1,,,,,,
CCBP_CHS_RATE,"Total number of community housing services per 1,000 people",46,Housing Challenges,-1,,,,,,
CCBP_TOT_CHS,Total number of community housing services,46,Housing Challenges,-1,,,,,,
ACS_MEDIAN_INC_F,"Median income of female population (dollars, ages 15 and over with income in the past 12 months, inflation-adjusted to data file year)",47,financial Risk,-1,,,,,,
ACS_MEDIAN_INC_M,"Median income of male population (dollars, ages 15 and over with income in the past 12 months, inflation-adjusted to data file year)",47,financial Risk,-1,,,,,,
ACS_MEDIAN_NONVET_INC,"Median income of civilian nonveteran population (dollars, ages 18 and over, inflation-adjusted to data file year)",47,financial Risk,-1,,,,,,
ACS_MEDIAN_VET_INC,"Median income of civilian veterans (dollars, ages 18 and over, inflation-adjusted to data file year)",47,financial Risk,-1,,,,,,
ACS_PER_CAPITA_INC,"Per capita income (dollars, inflation-adjusted to data file year)",47,financial Risk,-1,,,,,,
CDC_USCS_AGE_ADJ_INC_RATE,"Total age-adjusted cancer incidence per 100,000 people in the county",48,Disease Risk,1,,,,,,
CDC_USCS_AGE_ADJ_MORT_RATE,"Total age-adjusted cancer mortality per 100,000 people in the county",48,Disease Risk,1,,,,,,
CDC_USCS_TOT_INC_COUNT,Total cancer incidence in the county,48,Disease Risk,1,,,,,,
CDC_USCS_TOT_MORT_COUNT,Total cancer mortality in the county,48,Disease Risk,1,,,,,,
CHR_PCT_MENTAL_DISTRESS,Percentage of adults reporting 14 or more days of poor mental health per month,50,Lifestyle,-1,,,,,,
CHR_PCT_PHYSICAL_DISTRESS,Percentage of adults reporting 14 or more days of poor physical health per month,50,Lifestyle,-1,,,,,,
CHR_PCT_POOR_HEALTH,Percentage of adults reporting fair or poor health (age-adjusted),50,Lifestyle,-1,,,,,,
ACS_PCT_HH_NO_COMP_DEV,Percentage of households without a computing device,51,Technology Access Risk,-1,,,,,,
ACS_PCT_HH_OTHER_COMP,Percentage of households with other type of computer,51,Technology Access Risk,-1,,,,,,
ACS_PCT_HH_OTHER_COMP_ONLY,Percentage of households with other type of computer only,51,Technology Access Risk,-1,,,,,,
ACS_PCT_HH_PC,Percentage of households with a desktop or laptop,51,Technology Access Risk,-1,,,,,,
ACS_PCT_HH_PC_ONLY,Percentage of households with a desktop or laptop with no other type of computing device,51,Technology Access Risk,-1,,,,,,
ACS_PCT_HH_SMARTPHONE,Percentage of households with a smartphone,51,Technology Access Risk,-1,,,,,,
ACS_PCT_HH_SMARTPHONE_ONLY,Percentage of households with a smartphone with no other type of computing device,51,Technology Access Risk,-1,,,,,,
ACS_PCT_HH_TABLET,Percentage of households with a tablet or other portable wireless computer,51,Technology Access Risk,-1,,,,,,
ACS_PCT_HH_TABLET_ONLY,Percentage of households with a tablet or other portable wireless computer with no other type of computing device,51,Technology Access Risk,-1,,,,,,
FARA_PCT_LA_1_AIAN,"Percentage of tract population who are American Indian or Alaska Native living more than 1 mile from the nearest supermarket, supercenter, or large grocery store",53,Food Security,1,,,,,,
FARA_PCT_LA_1_ASIAN,"Percentage of tract population who are Asian living more than 1 mile from the nearest supermarket, supercenter, or large grocery store",53,Food Security,1,,,,,,
FARA_PCT_LA_1_BLACK,"Percentage of tract population who are Black or African American living more than 1 mile from the nearest supermarket, supercenter, or large grocery store",53,Food Security,1,,,,,,
FARA_PCT_LA_1_HISP,"Percentage of tract population who are Hispanic or Latino living more than 1 mile from the nearest supermarket, supercenter, or large grocery store",53,Food Security,1,,,,,,
FARA_PCT_LA_1_MR,"Percentage of tract population who are not included in the White, Black or African American, American Indian or Alaska Native, Asian, and Native Hawaiian or Other Pacific Islander race categories or who identify as more than one race living more than 1 mile from the nearest supermarket, supercenter, or large grocery store",53,Food Security,1,,,,,,
FARA_PCT_LA_1_NHPI,"Percentage of tract population who are Native Hawaiian or Other Pacific Islander living more than 1 mile from the nearest supermarket, supercenter, or large grocery store",53,Food Security,1,,,,,,
FARA_PCT_LA_1_WHITE,"Percentage of tract population who are White living more than 1 mile from the nearest supermarket, supercenter, or large grocery store",53,Food Security,1,,,,,,
ACS_PCT_RENTER_HU_ABOVE65,Percentage of renter-occupied housing units occupied by householders aged 65 and above,55,Housing Challenges,1,,,,,,
ACS_PCT_RENTER_HU_ABOVE65,Percentage of renter-occupied housing units occupied by householders aged 65 and above,55,financial Risk,-1,,,,,,
ACS_PCT_1UP_OWNER_1ROOM,Percentage of owner-occupied housing units with more than one occupant per room,55,Housing Challenges,-1,,,,,,
ACS_PCT_1UP_OWNER_1ROOM,Percentage of owner-occupied housing units with more than one occupant per room,55,financial Risk,-1,,,,,,
ACS_PCT_1UP_PERS_1ROOM,Percentage of housing units with more than one occupant per room,55,Housing Challenges,-1,,,,,,
ACS_PCT_1UP_PERS_1ROOM,Percentage of housing units with more than one occupant per room,55,financial Risk,-1,,,,,,
ACS_PCT_1UP_RENT_1ROOM,Percentage of renter-occupied housing units with more than one occupant per room,55,Housing Challenges,-1,,,,,,
ACS_PCT_1UP_RENT_1ROOM,Percentage of renter-occupied housing units with more than one occupant per room,55,financial Risk,-1,,,,,,
ACS_PCT_OWNER_HU,Percentage of occupied housing units: owner-occupied,55,Housing Challenges,1,,,,,,
ACS_PCT_OWNER_HU,Percentage of occupied housing units: owner-occupied,55,financial Risk,1,,,,,,
ACS_PCT_OWNER_HU_CHILD,Percentage of owner-occupied housing units with children,55,Housing Challenges,1,,,,,,
ACS_PCT_OWNER_HU_CHILD,Percentage of owner-occupied housing units with children,55,financial Risk,1,,,,,,
ACS_PCT_OWNER_HU_COST_30PCT,Percentage of owner-occupied housing units with selected monthly owner costs equal to 30 percent or more of household income,55,Housing Challenges,1,,,,,,
ACS_PCT_OWNER_HU_COST_30PCT,Percentage of owner-occupied housing units with selected monthly owner costs equal to 30 percent or more of household income,55,financial Risk,1,,,,,,
ACS_PCT_OWNER_HU_COST_50PCT,Percentage of owner-occupied housing units with selected monthly owner costs equal to 50 percent or more of household income,55,Housing Challenges,1,,,,,,
ACS_PCT_OWNER_HU_COST_50PCT,Percentage of owner-occupied housing units with selected monthly owner costs equal to 50 percent or more of household income,55,financial Risk,1,,,,,,
ACS_PCT_RENTER_HU,Percentage of occupied housing units: rented,55,Housing Challenges,1,,,,,,
ACS_PCT_RENTER_HU,Percentage of occupied housing units: rented,55,financial Risk,1,,,,,,
ACS_PCT_RENTER_HU_CHILD,Percentage of renter-occupied housing units with children,55,Housing Challenges,1,,,,,,
ACS_PCT_RENTER_HU_CHILD,Percentage of renter-occupied housing units with children,55,financial Risk,1,,,,,,
ACS_PCT_RENTER_HU_COST_30PCT,Percentage of renter-occupied housing units with rent equal to 30 percent or more of household income,55,Housing Challenges,1,,,,,,
ACS_PCT_RENTER_HU_COST_30PCT,Percentage of renter-occupied housing units with rent equal to 30 percent or more of household income,55,financial Risk,1,,,,,,
ACS_PCT_RENTER_HU_COST_50PCT,Percentage of renter-occupied housing units with rent equal to 50 percent or more of household income,55,Housing Challenges,1,,,,,,
ACS_PCT_RENTER_HU_COST_50PCT,Percentage of renter-occupied housing units with rent equal to 50 percent or more of household income,55,financial Risk,1,,,,,,
ACS_PCT_COMMT_15MIN,Percentage of workers with < 15-minute commute time (ages 16 and over),58,Transportation Risk,-1,,,,,,
ACS_PCT_COMMT_29MIN,Percentage of workers with 15- to 29-minute commute time (ages 16 and over),58,Transportation Risk,-1,,,,,,
ACS_PCT_COMMT_59MIN,Percentage of workers with 30- to 59-minute commute time (ages 16 and over),58,Transportation Risk,1,,,,,,
ACS_PCT_COMMT_60MINUP,Percentage of workers with at least 60-minute commute time (ages 16 and over),58,Transportation Risk,1,,,,,,
ACS_PCT_PUB_COMMT_15MIN,Percentage of workers who use public transportation with < 15-minute commute time (ages 16 and over),58,Transportation Risk,-1,,,,,,
ACS_PCT_PUB_COMMT_29MIN,Percentage of workers who use public transportation with 15- to 29-minute commute time (ages 16 and over),58,Transportation Risk,-1,,,,,,
ACS_PCT_PUB_COMMT_59MIN,Percentage of workers who use public transportation with 30- to 59-minute commute time (ages 16 and over),58,Transportation Risk,1,,,,,,
ACS_PCT_PUB_COMMT_60MINUP,Percentage of workers who use public transportation with at least 60-minute commute time (ages 16 and over),58,Transportation Risk,1,,,,,,
LTC_AVG_ACUITY_INDEX,Average acuity index of the nursing home residents in the county,60,Lifestyle,-1,,,,,,
LTC_AVG_ACUITY_INDEX,Average acuity index of the nursing home residents in the county,60,financial Risk,1,,,,,,
LTC_AVG_PCT_MEDICAID,Average percentage of nursing home residents in the county whose primary support is Medicaid,60,Lifestyle,-1,,,,,,
LTC_AVG_PCT_MEDICAID,Average percentage of nursing home residents in the county whose primary support is Medicaid,60,financial Risk,1,,,,,,
LTC_AVG_PCT_MEDICARE,Average percentage of nursing home residents in the county whose primary support is Medicare,60,Lifestyle,-1,,,,,,
LTC_AVG_PCT_MEDICARE,Average percentage of nursing home residents in the county whose primary support is Medicare,60,financial Risk,1,,,,,,
LTC_AVG_PCT_PRESSURE_ULCER,Average percentage of high-risk long-stay nursing home residents with pressure ulcers in the county,60,Lifestyle,-1,,,,,,
LTC_AVG_PCT_PRESSURE_ULCER,Average percentage of high-risk long-stay nursing home residents with pressure ulcers in the county,60,financial Risk,1,,,,,,
LTC_OCCUPANCY_RATE,Total nursing home occupancy rate in the county,60,Lifestyle,1,,,,,,
LTC_OCCUPANCY_RATE,Total nursing home occupancy rate in the county,60,financial Risk,-1,,,,,,
LTC_PCT_FOR_PROFIT,Percentage of nursing homes that are for-profit,60,Lifestyle,1,,,,,,
LTC_PCT_FOR_PROFIT,Percentage of nursing homes that are for-profit,60,financial Risk,1,,,,,,
LTC_PCT_MULTI_FAC,Percentage of nursing homes that are owned or leased by a multi-facility (chain) organization,60,Lifestyle,-1,,,,,,
LTC_PCT_MULTI_FAC,Percentage of nursing homes that are owned or leased by a multi-facility (chain) organization,60,financial Risk,1,,,,,,
ACS_PCT_HH_1FAM_FOOD_STMP,Percentage of unmarried partner households that received food stamps/SNAP benefits,62,Food Security,-1,,,,,,
ACS_PCT_HH_1FAM_FOOD_STMP,Percentage of unmarried partner households that received food stamps/SNAP benefits,62,financial Risk,-1,,,,,,
ACS_PCT_HH_FOOD_STMP,"Percentage of households that received food stamps/SNAP, past 12 months",62,Food Security,-1,,,,,,
ACS_PCT_HH_FOOD_STMP,"Percentage of households that received food stamps/SNAP, past 12 months",62,financial Risk,1,,,,,,
ACS_PCT_HH_FOOD_STMP_BLW_POV,Percentage of households receiving food stamps/SNAP with income below the poverty level,62,Food Security,-1,,,,,,
ACS_PCT_HH_FOOD_STMP_BLW_POV,Percentage of households receiving food stamps/SNAP with income below the poverty level,62,financial Risk,1,,,,,,
ACS_PCT_HH_NO_FD_STMP_BLW_POV,Percentage of households not receiving food stamps/SNAP with income below the poverty level,62,Food Security,-1,,,,,,
ACS_PCT_HH_NO_FD_STMP_BLW_POV,Percentage of households not receiving food stamps/SNAP with income below the poverty level,62,financial Risk,1,,,,,,
ACS_PCT_HH_PUB_ASSIST,Percentage of households with public assistance income or food stamps/SNAP,62,Food Security,-1,,,,,,
ACS_PCT_HH_PUB_ASSIST,Percentage of households with public assistance income or food stamps/SNAP,62,financial Risk,-1,,,,,,
ACS_PCT_HU_BUILT_1979,Percentage of housing units built before 1979,63,Transportation Risk,1,,,,,-1,negatively affected
ACS_PCT_HU_BUILT_1979,Percentage of housing units built before 1979,63,Housing Challenges,1,,,,,1,positively affected
ACS_MEDIAN_YEAR_BUILT,Median year structure built of housing units,63,Transportation Risk,1,,,,,,
ACS_MEDIAN_YEAR_BUILT,Median year structure built of housing units,63,Housing Challenges,-1,,,,,,
ACS_PCT_10UNITS,Percentage of housing in structures with 10 or more units,63,Transportation Risk,1,,,,,,
ACS_PCT_10UNITS,Percentage of housing in structures with 10 or more units,63,Housing Challenges,1,,,,,,
ACS_PCT_HU_KITCHEN,Percentage of housing units lacking complete kitchen facilities,63,Transportation Risk,1,,,,,,
ACS_PCT_HU_KITCHEN,Percentage of housing units lacking complete kitchen facilities,63,Housing Challenges,1,,,,,,
ACS_PCT_HU_MOBILE_HOME,Percentage of housing units that are mobile homes,63,Transportation Risk,1,,,,,,
ACS_PCT_HU_MOBILE_HOME,Percentage of housing units that are mobile homes,63,Housing Challenges,1,,,,,,
ACS_PCT_HU_NO_VEH,Percentage of housing units with no vehicle available,63,Transportation Risk,1,,,,,,
ACS_PCT_HU_NO_VEH,Percentage of housing units with no vehicle available,63,Housing Challenges,1,,,,,,
ACS_PCT_HU_PLUMBING,Percentage of housing units lacking complete plumbing facilities,63,Transportation Risk,1,,,,,,
ACS_PCT_HU_PLUMBING,Percentage of housing units lacking complete plumbing facilities,63,Housing Challenges,1,,,,,,
ACS_PCT_VACANT_HU,Percentage of housing units vacant,63,Transportation Risk,1,,,,,,
ACS_PCT_VACANT_HU,Percentage of housing units vacant,63,Housing Challenges,1,,,,,,
ACS_TOT_HU,Total housing units,63,Transportation Risk,1,,,,,,
ACS_TOT_HU,Total housing units,63,Housing Challenges,-1,,,,,,
FEA_PCT_FARMERS_MARKET_SFMNP,Percentage of all farmers' markets that accept SFMNP benefits,67,Food Security,-1,,,,,,
FEA_PCT_FARMERS_MARKET_SNAP,Percentage of all farmers' markets that accept SNAP benefits,67,Food Security,-1,,,,,,
FEA_PCT_FARMERS_MARKET_WIC_CASH,Percentage of all farmers' markets that accept WIC Cash Value vouchers,67,Food Security,-1,,,,,,
FEA_TOT_FARMERS_MARKET,Total number of farmers' markets,67,Food Security,-1,,,,,,
AMFAR_MEDMHFAC_RATE,"Total number of facilities that provide mental health services and accept Medicaid per 1,000 population",72,Social Environmental Risk,-1,,,,,,
AMFAR_MEDMHFAC_RATE,"Total number of facilities that provide mental health services and accept Medicaid per 1,000 population",72,financial Risk,-1,,,,,,
AMFAR_MHFAC_RATE,"Total number of facilities that provide mental health services per 1,000 population",72,Social Environmental Risk,-1,,,,,,
AMFAR_MHFAC_RATE,"Total number of facilities that provide mental health services per 1,000 population",72,financial Risk,-1,,,,,,
AMFAR_TOT_MEDMHFAC,Total number of facilities that provide mental health services and accept Medicaid,72,Social Environmental Risk,-1,,,,,,
AMFAR_TOT_MEDMHFAC,Total number of facilities that provide mental health services and accept Medicaid,72,financial Risk,-1,,,,,,
AMFAR_TOT_MHFAC,Total number of facilities that provide mental health services,72,Social Environmental Risk,-1,,,,,,
AMFAR_TOT_MHFAC,Total number of facilities that provide mental health services,72,financial Risk,1,,,,,,
CHR_MENTAL_PROV_RATE,"Total number of mental health care providers per 100,000 population",72,Social Environmental Risk,-1,,,,,,
CHR_MENTAL_PROV_RATE,"Total number of mental health care providers per 100,000 population",72,financial Risk,-1,,,,,,
CHR_TOT_MENTAL_PROV,Total number of mental health care providers,72,Social Environmental Risk,-1,,,,,,
CHR_TOT_MENTAL_PROV,Total number of mental health care providers,72,financial Risk,-1,,,,,,
POS_CMHC_RATE,"Total number of Community Mental Health Centers per 1,000 population",72,Social Environmental Risk,-1,,,,,,
POS_CMHC_RATE,"Total number of Community Mental Health Centers per 1,000 population",72,financial Risk,-1,,,,,,
POS_TOT_CMHC,Total number of Community Mental Health Centers,72,Social Environmental Risk,-1,,,,,,
POS_TOT_CMHC,Total number of Community Mental Health Centers,72,financial Risk,-1,,,,,,
POS_TOT_HOSP_PSYCH,Total number of hospitals with psychiatric care,72,Social Environmental Risk,-1,,,,,,
POS_TOT_HOSP_PSYCH,Total number of hospitals with psychiatric care,72,financial Risk,-1,,,,,,
ACS_PCT_HH_BROADBAND,"Percentage of households with broadband such as cable, fiber optic or DSL ",73,Technology Access Risk,-1,,,,,,
ACS_PCT_HH_BROADBAND_ANY,Percentage of households with broadband of any type,73,Technology Access Risk,-1,,,,,,
ACS_PCT_HH_BROADBAND_ONLY,"Percentage of households with broadband such as cable, fiber optic or DSL with no other type of Internet subscription",73,Technology Access Risk,1,,,,,,
ACS_PCT_HH_CELLULAR,Percentage of households with a cellular data plan,73,Technology Access Risk,-1,,,,,,
ACS_PCT_HH_CELLULAR_ONLY,Percentage of households with a cellular data plan with no other type of internet subscription,73,Technology Access Risk,1,,,,,,
ACS_PCT_HH_DIAL_INTERNET_ONLY,Percentage of households with dial up and no other type of internet subscription,73,Technology Access Risk,1,,,,,,
ACS_PCT_HH_INTERNET,Percentage of households with any internet subscription,73,Technology Access Risk,-1,,,,,,
ACS_PCT_HH_INTERNET_NO_SUBS,Percentage of households with internet access without a subscription,73,Technology Access Risk,-1,,,,,,
ACS_PCT_HH_NO_INTERNET,Percentage of households with no internet access,73,Technology Access Risk,1,,,,,,
ACS_PCT_HH_SAT_INTERNET,Percentage of households with satellite internet service,73,Technology Access Risk,-1,,,,,,
ACS_PCT_DRIVE_2WORK,"Percentage of workers taking a car, truck, or van to work (ages 16 and over)",75,Transportation Risk,1,,,,,,
ACS_PCT_PUBL_TRANSIT,"Percentage of workers taking public transportation, excluding taxicab (ages 16 and over)",75,Transportation Risk,-1,,,,,,
ACS_PCT_TAXICAB_2WORK,"Percentage of workers taking taxicab, motorcycle, bicycle, or other means to work (ages 16 and over)",75,Transportation Risk,1,,,,,,
ACS_PCT_WALK_2WORK,Percentage of workers walking to work (ages 16 and over),75,Transportation Risk,-1,,,,,,
ACS_PCT_WORK_NO_CAR,Percentage of workers in households with no vehicle available (ages 16 and over),75,Transportation Risk,-1,,,,,,
ACS_TOT_WORKER_HH,Total workers in households (ages 16 and over),75,Transportation Risk,1,,,,,,
ACS_TOT_WORKER_NWFH,Total workers who do not work from home (ages 16 and over),75,Transportation Risk,-1,,,,,,
CRDC_TOT_FIREARM,Total number of incidents of possession of a firearm or explosive device,78,Social Environmental Risk,1,,,,,,
CRDC_TOT_RAPE_ASSAULT,"Total number of incidents of rape, attempted rape, or sexual assault",78,Social Environmental Risk,1,,,,,,
ACS_PCT_HH_INC_10000,"Percentage of population with household income less than $10,000",83,financial Risk,1,,,,,,
ACS_PCT_HH_INC_100000,"Percentage of population with household income greater than $100,000",83,financial Risk,-1,,,,,,
ACS_PCT_HH_INC_14999,"Percentage of population with household income between $10,000 and $14,999",83,financial Risk,1,,,,,,
ACS_PCT_HH_INC_24999,"Percentage of population with household income between $15,000 and $24,999",83,financial Risk,1,,,,,,
ACS_PCT_HH_INC_49999,"Percentage of population with household income between $25,000 and $49,999",83,financial Risk,1,,,,,,
ACS_PCT_HH_INC_99999,"Percentage of population with household income between $50,000 and $99,999",83,financial Risk,-1,,,,,,
CDCSVI_RPL_THEME1_SOCIECO,Social Vulnerability Index: Percentile ranking for socioeconomic theme,84,Transportation Risk,1,,,,,,
CDCSVI_RPL_THEME1_SOCIECO,Social Vulnerability Index: Percentile ranking for socioeconomic theme,84,Food Security,1,,,,,,
CDCSVI_RPL_THEME1_SOCIECO,Social Vulnerability Index: Percentile ranking for socioeconomic theme,84,Housing Challenges,1,,,,,,
CDCSVI_RPL_THEME2_HH_COMP,Social Vulnerability Index: Percentile ranking for household composition theme,84,Transportation Risk,1,,,,,,
CDCSVI_RPL_THEME2_HH_COMP,Social Vulnerability Index: Percentile ranking for household composition theme,84,Food Security,1,,,,,,
CDCSVI_RPL_THEME2_HH_COMP,Social Vulnerability Index: Percentile ranking for household composition theme,84,Housing Challenges,1,,,,,,
CDCSVI_RPL_THEME3_MINO,Social Vulnerability Index: Percentile ranking for minority status/language theme,84,Transportation Risk,1,,,,,,
CDCSVI_RPL_THEME3_MINO,Social Vulnerability Index: Percentile ranking for minority status/language theme,84,Food Security,1,,,,,,
CDCSVI_RPL_THEME3_MINO,Social Vulnerability Index: Percentile ranking for minority status/language theme,84,Housing Challenges,1,,,,,,
CDCSVI_RPL_THEME4_HH_TRANS,Social Vulnerability Index: Percentile ranking for housing/transportation theme,84,Transportation Risk,1,,,,,,
CDCSVI_RPL_THEME4_HH_TRANS,Social Vulnerability Index: Percentile ranking for housing/transportation theme,84,Food Security,1,,,,,,
CDCSVI_RPL_THEME4_HH_TRANS,Social Vulnerability Index: Percentile ranking for housing/transportation theme,84,Housing Challenges,1,,,,,,
CDCSVI_RPL_THEMES_ALL,Percentile ranking for overall Social Vulnerability Index,84,Transportation Risk,1,,,,,,
CDCSVI_RPL_THEMES_ALL,Percentile ranking for overall Social Vulnerability Index,84,Food Security,1,,,,,,
CDCSVI_RPL_THEMES_ALL,Percentile ranking for overall Social Vulnerability Index,84,Housing Challenges,1,,,,,,
MHSVI_RPL_THEME1_SOCIECO,Minority Health Social Vulnerability Index: Percentile ranking for socioeconomic theme,84,Transportation Risk,1,,,,,,
MHSVI_RPL_THEME1_SOCIECO,Minority Health Social Vulnerability Index: Percentile ranking for socioeconomic theme,84,Food Security,1,,,,,,
MHSVI_RPL_THEME1_SOCIECO,Minority Health Social Vulnerability Index: Percentile ranking for socioeconomic theme,84,Housing Challenges,1,,,,,,
MHSVI_RPL_THEME2_HH_COMP,Minority Health Social Vulnerability Index: Percentile ranking for household composition theme,84,Transportation Risk,1,,,,,,
MHSVI_RPL_THEME2_HH_COMP,Minority Health Social Vulnerability Index: Percentile ranking for household composition theme,84,Food Security,1,,,,,,
MHSVI_RPL_THEME2_HH_COMP,Minority Health Social Vulnerability Index: Percentile ranking for household composition theme,84,Housing Challenges,1,,,,,,
MHSVI_RPL_THEME3_MINO,Minority Health Social Vulnerability Index: Percentile ranking for minority status/language theme,84,Transportation Risk,1,,,,,,
MHSVI_RPL_THEME3_MINO,Minority Health Social Vulnerability Index: Percentile ranking for minority status/language theme,84,Food Security,1,,,,,,
MHSVI_RPL_THEME3_MINO,Minority Health Social Vulnerability Index: Percentile ranking for minority status/language theme,84,Housing Challenges,1,,,,,,
MHSVI_RPL_THEME4_HH_TRANS,Minority Health Social Vulnerability Index: Percentile ranking for housing/transportation theme,84,Transportation Risk,1,,,,,,
MHSVI_RPL_THEME4_HH_TRANS,Minority Health Social Vulnerability Index: Percentile ranking for housing/transportation theme,84,Food Security,1,,,,,,
MHSVI_RPL_THEME4_HH_TRANS,Minority Health Social Vulnerability Index: Percentile ranking for housing/transportation theme,84,Housing Challenges,1,,,,,,
MHSVI_RPL_THEME5_HCI_ACCESS,Minority Health Social Vulnerability Index: Percentile ranking for health care infrastructure/access theme,84,Transportation Risk,1,,,,,,
MHSVI_RPL_THEME5_HCI_ACCESS,Minority Health Social Vulnerability Index: Percentile ranking for health care infrastructure/access theme,84,Food Security,1,,,,,,
MHSVI_RPL_THEME5_HCI_ACCESS,Minority Health Social Vulnerability Index: Percentile ranking for health care infrastructure/access theme,84,Housing Challenges,1,,,,,,
MHSVI_RPL_THEME6_MV,Minority Health Social Vulnerability Index: Percentile ranking for medical vulnerability theme,84,Transportation Risk,1,,,,,,
MHSVI_RPL_THEME6_MV,Minority Health Social Vulnerability Index: Percentile ranking for medical vulnerability theme,84,Food Security,1,,,,,,
MHSVI_RPL_THEME6_MV,Minority Health Social Vulnerability Index: Percentile ranking for medical vulnerability theme,84,Housing Challenges,1,,,,,,
CDCAP_CHLAMYDIA_RATE,"Total number of confirmed chlamydia diagnoses per 100,000 population",87,Disease Risk,1,,,,,,
CDCAP_GONORRHEA_RATE,"Total number of confirmed gonorrhea diagnoses per 100,000 population",87,Disease Risk,1,,,,,,
CDCAP_SYPHILIS_RATE,"Total number of confirmed primary and secondary syphilis diagnoses per 100,000 population",87,Disease Risk,1,,,,,,
CDCAP_TUBERCULOSIS_RATE,"Total number of tuberculosis diagnoses per 100,000 population",87,Disease Risk,1,,,,,,
ACS_MDN_OWNER_COST_MORTGAGE,Median selected monthly owner costs for houses with a mortgage (dollars),92,Housing Challenges,1,,,,,,
ACS_MDN_OWNER_COST_NO_MORTG,Median selected monthly owner costs for houses without a mortgage (dollars),92,Housing Challenges,1,,,,,,
ACS_MEDIAN_HOME_VALUE,Median home value of owner-occupied housing units (dollars),92,Housing Challenges,1,,,,,,
ACS_MEDIAN_RENT,Median gross rent (dollars),92,Housing Challenges,1,,,,,,
CDCW_ASSAULT_DTH_RATE,"Total number of deaths from assault per 100,000 population",96,Social Environmental Risk,1,,,,,,
CDCW_ASSAULT_DTH_RATE,"Total number of deaths from assault per 100,000 population",96,Transportation Risk,1,,,,,,
CDCW_DRUG_DTH_RATE,"Total number of drug poisoning deaths per 100,000 population",96,Social Environmental Risk,1,,,,,,
CDCW_DRUG_DTH_RATE,"Total number of drug poisoning deaths per 100,000 population",96,Transportation Risk,1,,,,,,
CDCW_INJURY_DTH_RATE,"Total number of deaths from injury per 100,000 population",96,Social Environmental Risk,1,,,,,,
CDCW_INJURY_DTH_RATE,"Total number of deaths from injury per 100,000 population",96,Transportation Risk,1,,,,,,
CDCW_OPIOID_DTH_RATE,"Total number of drug overdose deaths involving any opioid per 100,000 population",96,Social Environmental Risk,1,,,,,,
CDCW_OPIOID_DTH_RATE,"Total number of drug overdose deaths involving any opioid per 100,000 population",96,Transportation Risk,1,,,,,,
CDCW_SELFHARM_DTH_RATE,"Total number of deaths from intentional self harm per 100,000 population",96,Social Environmental Risk,1,,,,,,
CDCW_SELFHARM_DTH_RATE,"Total number of deaths from intentional self harm per 100,000 population",96,Transportation Risk,1,,,,,,
CDCW_TRANSPORT_DTH_RATE,"Total number of deaths from transport accidents per 100,000 population",96,Social Environmental Risk,1,,,,,,
CDCW_TRANSPORT_DTH_RATE,"Total number of deaths from transport accidents per 100,000 population",96,Transportation Risk,1,,,,,,
CHR_FIREARM_DEATH_RATE,"Total number of deaths due to firearms per 100,000 population",96,Social Environmental Risk,1,,,,,,
CHR_FIREARM_DEATH_RATE,"Total number of deaths due to firearms per 100,000 population",96,Transportation Risk,1,,,,,,
ACS_PCT_HU_BOT_TANK_LP_GAS,"Percentage of occupied housing units with bottled, tank, or LP gas",100,Housing Challenges,1,,,,,,
ACS_PCT_HU_COAL,Percentage of occupied housing units with coal or coke heating,100,Housing Challenges,-1,,,,,,
ACS_PCT_HU_ELEC,Percentage of occupied housing units with electricity heating,100,Housing Challenges,-1,,,,,,
ACS_PCT_HU_NO_FUEL,Percentage of occupied housing units without fuel,100,Housing Challenges,1,,,,,,
ACS_PCT_HU_OIL,Percentage of occupied housing units with fuel oil heating,100,Housing Challenges,-1,,,,,,
ACS_PCT_HU_OTHER,Percentage of occupied housing units with other heating fuel,100,Housing Challenges,-1,,,,,,
ACS_PCT_HU_SOLAR,Percentage of occupied housing units with solar energy,100,Housing Challenges,-1,,,,,,
ACS_PCT_HU_UTILITY_GAS,Percentage of occupied housing units with utility gas heating,100,Housing Challenges,-1,,,,,,
ACS_PCT_HU_WOOD,Percentage of occupied housing units with wood heating,100,Housing Challenges,-1,,,,,,
CDCA_HEART_DTH_RATE_ABOVE35,"Total cardiovascular disease deaths per 100,000 population (ages 35 and over)",101,Disease Risk,1,,,,,,
CDCA_PREV_DTH_RATE_BELOW74,"Total avoidable heart disease and stroke deaths per 100,000 population (ages 74 and below)",101,Disease Risk,1,,,,,,
CDCA_STROKE_DTH_RATE_ABOVE35,"Total stroke deaths per 100,000 population (ages 35 and over)",101,Disease Risk,1,,,,,,
CDCA_PREV_DTH_BLACK_RATE_BELOW74,"Total avoidable heart disease and stroke deaths per 100,000 Black non-Hispanic population (ages 74 and below)",101,Disease Risk,1,,,,,,
CDCA_PREV_DTH_HISP_RATE_BELOW74,"Total avoidable heart disease and stroke deaths per 100,000 Hispanic population (ages 74 and below)",101,Disease Risk,1,,,,,,
CDCA_PREV_DTH_WHITE_RATE_BELOW74,"Total avoidable heart disease and stroke deaths per 100,000 White non-Hispanic population (ages 74 and below)",101,Disease Risk,1,,,,,,
ACS_PCT_BACHELOR_DGR,Percentage of population with a bachelor's degree (ages 25 and over),102,Educational Challenges,-1,,,,,,
ACS_PCT_COLLEGE_ASSOCIATE_DGR,Percentage of population with some college or associate's degree (ages 25 and over),102,Educational Challenges,-1,,,,,,
ACS_PCT_GRADUATE_DGR,Percentage of population with a master's or professional school degree or doctorate (ages 25 and over),102,Educational Challenges,-1,,,,,,
ACS_PCT_HS_GRADUATE,Percentage of population with only high school diploma (ages 25 and over),102,Educational Challenges,1,,,,,,
ACS_PCT_LT_HS,Percentage of population with less than high school education (ages 25 and over),102,Educational Challenges,1,,,,,,
ACS_PCT_POSTHS_ED,Percentage of population with any postsecondary education (ages 25 and over),102,Educational Challenges,-1,,,,,,
MMD_ED_VISITS_AIAN_RATE,"Emergency department visits per 1,000 American Indian or Alaska Native Medicare (dual and non-dual) beneficiaries",103,financial Risk,1,,,,,,
MMD_ED_VISITS_ASIAN_RATE,"Emergency department visits per 1,000 Asian or Pacific Islander Medicare (dual and non-dual) beneficiaries",103,financial Risk,1,,,,,,
MMD_ED_VISITS_BLACK_RATE,"Emergency department visits per 1,000 Black Medicare (dual and non-dual) beneficiaries",103,financial Risk,1,,,,,,
MMD_ED_VISITS_DUAL_RATE,"Emergency department visits per 1,000 dual beneficiaries",103,financial Risk,1,,,,,,
MMD_ED_VISITS_F_RATE,"Emergency department visits per 1,000 female Medicare (dual and non-dual) beneficiaries",103,financial Risk,1,,,,,,
MMD_ED_VISITS_HISP_RATE,"Emergency department visits per 1,000 Hispanic Medicare (dual and non-dual) beneficiaries",103,financial Risk,1,,,,,,
MMD_ED_VISITS_MED_RATE,"Emergency department visits per 1,000 Medicare only beneficiaries",103,financial Risk,1,,,,,,
MMD_ED_VISITS_M_RATE,"Emergency department visits per 1,000 male Medicare (dual and non-dual) beneficiaries",103,financial Risk,1,,,,,,
MMD_ED_VISITS_OTHER_RATE,"Emergency department visits per 1,000 other race Medicare (dual and non-dual) beneficiaries",103,financial Risk,1,,,,,,
MMD_ED_VISITS_WHITE_RATE,"Emergency department visits per 1,000 White Medicare (dual and non-dual) beneficiaries",103,financial Risk,1,,,,,,
AMFAR_HCVTFAC_RATE,"Total number of substance abuse facilities offering hepatitis C screening per 1,000 population",104,Social Environmental Risk,-1,,,,,,
AMFAR_HIVHCVTFAC_RATE,"Total number of substance abuse facilities offering both HIV test and hepatitis C screening per 1,000 population",104,Social Environmental Risk,-1,,,,,,
AMFAR_MEDHCVTFAC_RATE,"Total number of substance abuse facilities offering hepatitis C screening and accept Medicaid per 1,000 population",104,Social Environmental Risk,-1,,,,,,
AMFAR_MEDHIVHCVTFAC_RATE,"Total number of substance abuse facilities offering both HIV test and hepatitis C screening and accept Medicaid per 1,000 population",104,Social Environmental Risk,-1,,,,,,
AMFAR_TOT_HCVTFAC,Total number of substance abuse facilities offering hepatitis C screening,104,Social Environmental Risk,-1,,,,,,
AMFAR_TOT_HIVHCVTFAC,Total number of substance abuse facilities offering both HIV test and hepatitis C screening,104,Social Environmental Risk,-1,,,,,,
AMFAR_TOT_MEDHCVTFAC,Total number of substance abuse facilities offering hepatitis C screening and accept Medicaid,104,Social Environmental Risk,-1,,,,,,
AMFAR_TOT_MEDHIVHCVTFAC,Total number of substance abuse facilities offering both HIV test and hepatitis C screening and accept Medicaid,104,Social Environmental Risk,-1,,,,,,
AHRF_DAYS_AIR_QLT,Total number of days air quality is measured,105,Climate Risk,-1,,,,,,
AHRF_PCT_GOOD_AQ,Percentage of days with good air quality,105,Climate Risk,-1,,,,,,
NEPHTN_PCT_MONPD_PM25,Percentage of days with PM2.5 levels over the national ambient air quality standard (monitored values only),105,Climate Risk,1,,,,,,
AMFAR_HIVTFAC_RATE,"Total number of substance abuse facilities offering HIV testing per 1,000 population",106,Social Environmental Risk,-1,,,,,,
AMFAR_MEDHIVTFAC_RATE,"Total number of substance abuse facilities offering HIV testing and accept Medicaid per 1,000 population",106,Social Environmental Risk,-1,,,,,,
AMFAR_TOT_HIVTFAC,Total number of substance abuse facilities offering HIV testing,106,Social Environmental Risk,-1,,,,,,
AMFAR_TOT_MEDHIVTFAC,Total number of substance abuse facilities offering HIV testing and accept Medicaid,106,Social Environmental Risk,-1,,,,,,
NEPHTN_MAXDROUGHT,Maximum number of consecutive weeks of cumulative moderate drought or worse per year,108,Climate Risk,1,,,,,,
NEPHTN_NUMDROUGHT,Total number of weeks of cumulative moderate drought or worse per year,108,Climate Risk,1,,,,,,
NOAAS_TOT_DROUGHT,Total number of drought,108,Climate Risk,1,,,,,,
CRDC_PCT_COUNTY_ECE,Percentage of Local Education Authorities in a county that offer early childhood services to children (ages 0-2),109,Educational Challenges,-1,,,,,,
CRDC_PCT_COUNTY_ECE,Percentage of Local Education Authorities in a county that offer early childhood services to children (ages 0-2),109,financial Risk,-1,,,,,,
CRDC_PCT_CTY_KGTN,Percentage of Local Education Authorities in a county that offer one or more kindergarten programs,109,Educational Challenges,-1,,,,,,
CRDC_PCT_CTY_KGTN,Percentage of Local Education Authorities in a county that offer one or more kindergarten programs,109,financial Risk,-1,,,,,,
CRDC_PCT_CTY_PSLOWINC,Percentage of Local Education Authorities in a county that offer preschool to low-income families,109,Educational Challenges,-1,,,,,,
CRDC_PCT_CTY_PSLOWINC,Percentage of Local Education Authorities in a county that offer preschool to low-income families,109,financial Risk,-1,,,,,,
CRDC_PCT_CTY_PSTITLEI,Percentage of Local Education Authorities in a county that offer preschool to children in Title I schools,109,Educational Challenges,-1,,,,,,
CRDC_PCT_CTY_PSTITLEI,Percentage of Local Education Authorities in a county that offer preschool to children in Title I schools,109,financial Risk,-1,,,,,,
CDCP_ASTHMA_ADULT_A,Age-adjusted prevalence of current asthma among adults aged 18 years and older (%),111,Disease Risk,1,,,,,,
CDCP_ASTHMA_ADULT_C,Crude prevalence of current asthma among adults aged 18 years and older (%),111,Disease Risk,1,,,,,,
CDCP_PULMONARY_ADULT_A,"Age-adjusted prevalence of adults aged 18 years and older who report ever having been told by a doctor, nurse, or other health professional that they had chronic obstructive pulmonary disease (COPD), emphysema, or chronic bronchitis (%)",111,Disease Risk,1,,,,,,
CDCP_PULMONARY_ADULT_C,"Crude prevalence of adults aged 18 years and older who report ever having been told by a doctor, nurse, or other health professional that they had chronic obstructive pulmonary disease (COPD), emphysema, or chronic bronchitis (%)",111,Disease Risk,1,,,,,,
NOAAS_PROPERTY_DAMAGE,Estimated amount of damage to property incurred by the storm events during the year (Dollar),117,Housing Challenges,1,,,,,,
NOAAS_PROPERTY_DAMAGE,Estimated amount of damage to property incurred by the storm events during the year (Dollar),117,Climate Risk,1,,,,,,
NOAAS_TOT_DEATHS_DIRECT,Total number of deaths directly caused by storm events during the year,117,Housing Challenges,1,,,,,,
NOAAS_TOT_DEATHS_DIRECT,Total number of deaths directly caused by storm events during the year,117,Climate Risk,1,,,,,,
NOAAS_TOT_DEATHS_INDIRECT,Total number of deaths indirectly caused by storm events during the year,117,Housing Challenges,1,,,,,,
NOAAS_TOT_DEATHS_INDIRECT,Total number of deaths indirectly caused by storm events during the year,117,Climate Risk,1,,,,,,
NOAAS_TOT_INJURIES_DIRECT,Total number of injuries directly caused by storm events during the year,117,Housing Challenges,1,,,,,,
NOAAS_TOT_INJURIES_DIRECT,Total number of injuries directly caused by storm events during the year,117,Climate Risk,1,,,,,,
NOAAS_TOT_INJURIES_INDIRECT,Total number of injuries indirectly caused by storm events during the year,117,Housing Challenges,-1,,,,,,
NOAAS_TOT_INJURIES_INDIRECT,Total number of injuries indirectly caused by storm events during the year,117,Climate Risk,1,,,,,,
AHRF_MARKET_ENROL_150,"Total number of Marketplace enrollees, household income 100% to 150% of FPL",118,financial Risk,1,,,,,,
AHRF_MARKET_ENROL_200,"Total number of Marketplace enrollees, household income >150% to 200% of FPL",118,financial Risk,1,,,,,,
AHRF_MARKET_ENROL_250,"Total number of Marketplace enrollees, household income >200% to 250% of FPL",118,financial Risk,-1,,,,,,
AHRF_MARKET_ENROL_300,"Total number of Marketplace enrollees, household income >250% to 300% of FPL",118,financial Risk,-1,,,,,,
AHRF_MARKET_ENROL_400,"Total number of Marketplace enrollees, household income >300% to 400% of FPL",118,financial Risk,-1,,,,,,
POS_DIST_CLINIC,"Distance in miles to the nearest health clinic (FQHC, RHC), calculated using population weighted ZIP centroids",120,Transportation Risk,1,,,,,,
POS_DIST_CLINIC_TRACT,"Distance in miles to the nearest health clinic (FQHC, RHC), calculated using population weighted tract centroids",120,Transportation Risk,1,,,,,,
POS_MAX_DIST_CLINIC,"Maximum distance in miles to the nearest health clinic (FQHC, RHC), calculated using population weighted tract centroids in the county",120,Transportation Risk,1,,,,,,
POS_MEAN_DIST_CLINIC,"Mean distance in miles to the nearest health clinic (FQHC, RHC), calculated using population weighted tract centroids in the county",120,Transportation Risk,1,,,,,,
POS_MEDIAN_DIST_CLINIC,"Median distance in miles to the nearest health clinic (FQHC, RHC), calculated using population weighted tract centroids in the county",120,Transportation Risk,1,,,,,,
POS_MIN_DIST_CLINIC,"Minimum distance in miles to the nearest health clinic (FQHC, RHC), calculated using population weighted tract centroids in the county",120,Transportation Risk,1,,,,,,
CCBP_CS_RATE,"Total number of convenience stores per 1,000 people",122,Food Security,-1,,,,,,
CCBP_SFS_RATE,"Total number of specialized food stores per 1,000 people",122,Food Security,-1,,,,,,
CCBP_SOGS_RATE,"Total number of supermarkets and other grocery (except convenience) stores per 1,000 people",122,Food Security,-1,,,,,,
CCBP_TOT_CS,Total number of convenience stores,122,Food Security,-1,,,,,,
CCBP_TOT_SFS,Total number of specialized food stores,122,Food Security,-1,,,,,,
CCBP_TOT_SOGS,Total number of supermarkets and other grocery (except convenience) stores,122,Food Security,-1,,,,,,
ACS_MEDIAN_HH_INC,"Median household income (dollars, inflation-adjusted to data file year)",124,financial Risk,-1,,,,,,
ACS_MEDIAN_HH_INC_AIAN,"Median household income for households with an American Indian and Alaska Native alone householder (dollars, inflation-adjusted to data file year)",124,financial Risk,-1,,,,,,
ACS_MEDIAN_HH_INC_ASIAN,"Median household income for households with an Asian alone householder (dollars, inflation-adjusted to data file year)",124,financial Risk,-1,,,,,,
ACS_MEDIAN_HH_INC_BLACK,"Median household income for households with a Black or African American alone householder (dollars, inflation-adjusted to data file year)",124,financial Risk,-1,,,,,,
ACS_MEDIAN_HH_INC_HISP,"Median household income for households with a Hispanic or Latino householder (dollars, inflation-adjusted to data file year)",124,financial Risk,-1,,,,,,
ACS_MEDIAN_HH_INC_MULTI,"Median household income for households with a two or more races householder (dollars, inflation-adjusted to data file year)",124,financial Risk,-1,,,,,,
ACS_MEDIAN_HH_INC_NHPI,"Median household income for households with a Native Hawaiian and other Pacific Islander alone householder (dollars, inflation-adjusted to data file year)",124,financial Risk,-1,,,,,,
ACS_MEDIAN_HH_INC_OTHER,"Median household income for households with a some other race alone householder (dollars, inflation-adjusted to data file year)",124,financial Risk,-1,,,,,,
ACS_MEDIAN_HH_INC_WHITE,"Median household income for households with a White alone, not Hispanic or Latino householder (dollars, inflation-adjusted to data file year)",124,financial Risk,-1,,,,,,
SAIPE_MEDIAN_HH_INCOME,Estimated median household income,124,financial Risk,-1,,,,,,
POS_DIST_ALC,"Distance in miles to the nearest hospital with alcohol and drug abuse inpatient care, calculated using population weighted ZIP centroids",125,Transportation Risk,1,,,,,,
POS_DIST_ALC_TRACT,"Distance in miles to the nearest hospital with alcohol and drug abuse inpatient care, calculated using population weighted tract centroids",125,Transportation Risk,1,,,,,,
POS_MAX_DIST_ALC,"Maximum distance in miles to the nearest hospital with alcohol and drug abuse inpatient care, calculated using population weighted tract centroids in the county",125,Transportation Risk,1,,,,,,
POS_MEAN_DIST_ALC,"Mean distance in miles to the nearest hospital with alcohol and drug abuse inpatient care, calculated using population weighted tract centroids in the county",125,Transportation Risk,1,,,,,,
POS_MEDIAN_DIST_ALC,"Median distance in miles to the nearest hospital with alcohol and drug abuse inpatient care, calculated using population weighted tract centroids in the county",125,Transportation Risk,1,,,,,,
POS_MIN_DIST_ALC,"Minimum distance in miles to the nearest hospital with alcohol and drug abuse inpatient care, calculated using population weighted tract centroids in the county",125,Transportation Risk,1,,,,,,
CDCP_NO_PHY_ACTV_ADULT_A,"Age-adjusted prevalence of adults aged 18 years and older who report not having participated in any physical activities or exercises such as running, calisthenics, golf, gardening, or walking for exercise other than regular job (%)",126,Lifestyle,1,,,,,,
CDCP_NO_PHY_ACTV_ADULT_C,"Crude prevalence of adults aged 18 years and older who report not having participated in any physical activities or exercises such as running, calisthenics, golf, gardening, or walking for exercise other than regular job (%)",126,Lifestyle,1,,,,,,
CHR_PCT_FOOD,Percentage of population who lack adequate access to food,131,Food Security,1,,,,,,
CHR_PCT_LOW_BIRTH_WT,"Percentage of live births with low birthweight (<2,500 grams)",131,Food Security,1,,,,,,
ACS_PCT_CHILD_DISAB,Percentage of children with a disability (ages 17 and below),133,Disease Risk,1,,,,,,
ACS_PCT_DISABLE,Percentage of population with a disability,133,Disease Risk,1,,,,,,
ACS_PCT_NONVET_DISABLE_18_64,Percentage of nonveterans with a disability (between ages 18 and 64),133,Disease Risk,1,,,,,,
MMD_ANXIETY_DISD,Prevalence of anxiety disorders among Medicare (dual and non-dual) beneficiaries,137,Social Environmental Risk,1,,,,,,
MMD_ANXIETY_DISD,Prevalence of anxiety disorders among Medicare (dual and non-dual) beneficiaries,137,Lifestyle,1,,,,,,
MMD_ANXIETY_DISD,Prevalence of anxiety disorders among Medicare (dual and non-dual) beneficiaries,137,financial Risk,-1,,,,,,
MMD_BIPOLAR_DISD,Prevalence of bipolar disorder among Medicare (dual and non-dual) beneficiaries,137,Social Environmental Risk,1,,,,,,
MMD_BIPOLAR_DISD,Prevalence of bipolar disorder among Medicare (dual and non-dual) beneficiaries,137,Lifestyle,1,,,,,,
MMD_BIPOLAR_DISD,Prevalence of bipolar disorder among Medicare (dual and non-dual) beneficiaries,137,financial Risk,-1,,,,,,
MMD_DEPR_DISD,Prevalence of depressive disorders among Medicare (dual and non-dual) beneficiaries,137,Social Environmental Risk,1,,,,,,
MMD_DEPR_DISD,Prevalence of depressive disorders among Medicare (dual and non-dual) beneficiaries,137,Lifestyle,1,,,,,,
MMD_DEPR_DISD,Prevalence of depressive disorders among Medicare (dual and non-dual) beneficiaries,137,financial Risk,-1,,,,,,
MMD_OUD_IND,Prevalence of the overarching Opioid Use Disorder (OUD) indicator among Medicare (dual and non-dual) beneficiaries,137,Social Environmental Risk,1,,,,,,
MMD_OUD_IND,Prevalence of the overarching Opioid Use Disorder (OUD) indicator among Medicare (dual and non-dual) beneficiaries,137,Lifestyle,1,,,,,,
MMD_OUD_IND,Prevalence of the overarching Opioid Use Disorder (OUD) indicator among Medicare (dual and non-dual) beneficiaries,137,financial Risk,-1,,,,,,
MMD_PERSONALITY_DISD,Prevalence of personality disorders among Medicare (dual and non-dual) beneficiaries,137,Social Environmental Risk,1,,,,,,
MMD_PERSONALITY_DISD,Prevalence of personality disorders among Medicare (dual and non-dual) beneficiaries,137,Lifestyle,1,,,,,,
MMD_PERSONALITY_DISD,Prevalence of personality disorders among Medicare (dual and non-dual) beneficiaries,137,financial Risk,-1,,,,,,
MMD_THREE_OR_MORE_COND,Prevalence of Medicare (dual and non-dual) beneficiaries with three or more claims-based conditions,137,Social Environmental Risk,-1,,,,,,
MMD_THREE_OR_MORE_COND,Prevalence of Medicare (dual and non-dual) beneficiaries with three or more claims-based conditions,137,Lifestyle,1,,,,,,
MMD_THREE_OR_MORE_COND,Prevalence of Medicare (dual and non-dual) beneficiaries with three or more claims-based conditions,137,financial Risk,-1,,,,,,
SAHIE_PCT_UNINSURED64,Estimated percentage of uninsured population for all income levels (under 65 years),139,financial Risk,1,,,,,,
SAHIE_PCT_UNINSURED64_138_400FPL,Estimated percentage of uninsured population between 138%-400% of poverty (under 65 years),139,financial Risk,1,,,,,,
SAHIE_PCT_UNINSURED64_250FPL,Estimated percentage of uninsured population at or below 250% of poverty (under 65 years),139,financial Risk,1,,,,,,
CHR_PCT_ALCOHOL_DRIV_DEATH,Percentage of driving deaths involving alcohol,140,Social Environmental Risk,1,,,,,,
CHR_PCT_ALCOHOL_DRIV_DEATH,Percentage of driving deaths involving alcohol,140,Lifestyle,1,,,,,,
CHR_PCT_EXCESS_DRINK,Percentage of adults reporting binge or heavy drinking,140,Social Environmental Risk,1,,,,,,
CHR_PCT_EXCESS_DRINK,Percentage of adults reporting binge or heavy drinking,140,Lifestyle,1,,,,,,
CHR_PCT_SMOKING,Percentage of adults who are current smokers,140,Social Environmental Risk,1,,,,,,
CHR_PCT_SMOKING,Percentage of adults who are current smokers,140,Lifestyle,1,,,,,,
MGV_PCT_BEN_FFS_BLACK,Percentage of Medicare FFS beneficiaries who are Black or African American,142,financial Risk,-1,,,,,,
MGV_PCT_BEN_FFS_HISPANIC,Percentage of Medicare FFS beneficiaries who are Hispanic,142,financial Risk,-1,,,,,,
MGV_PCT_BEN_FFS_WHITE,Percentage of Medicare FFS beneficiaries who are non-Hispanic White,142,financial Risk,-1,,,,,,
FARA_PCT_LA_1_20_POP,Percentage of low access population measured at 1 mile for urban areas and 20 miles for rural areas,145,Transportation Risk,1,,,,,,
AHRF_TOT_MDCR_FFS_ACT_COST,"Total actual Medicare costs, fee for service (dollars)",149,financial Risk,1,,,,,,
AHRF_TOT_MDCR_FFS_STD_COST,"Total standardized Medicare costs, fee for service (dollars)",149,financial Risk,1,,,,,,
CDCAP_HIVDIAG_AIAN_RATE_ABOVE13,"Total number of people living with diagnosed HIV at the end of the year per 100,000, American Indian and Alaska Native (ages 13 and over)",151,Disease Risk,1,,,,,,
CDCAP_HIVDIAG_ASN_RATE_ABOVE13,"Total number of people living with diagnosed HIV at the end of the year per 100,000, Asian (ages 13 and over)",151,Disease Risk,1,,,,,,
CDCAP_HIVDIAG_BLK_RATE_ABOVE13,"Total number of people living with diagnosed HIV at the end of the year per 100,000, Black non-Hispanic (ages 13 and over)",151,Disease Risk,1,,,,,,
CDCAP_HIVDIAG_F_RATE_ABOVE13,"Total number of females living with diagnosed HIV at the end of the year per 100,000 (ages 13 and over)",151,Disease Risk,1,,,,,,
CDCAP_HIVDIAG_HIS_RATE_ABOVE13,"Total number of people living with diagnosed HIV at the end of the year per 100,000, Hispanic (ages 13 and over)",151,Disease Risk,1,,,,,,
CDCAP_HIVDIAG_MTR_RATE_ABOVE13,"Total number of people living with diagnosed HIV at the end of the year per 100,000, multiple races (ages 13 and over)",151,Disease Risk,1,,,,,,
CDCAP_HIVDIAG_M_RATE_ABOVE13,"Total number of males living with diagnosed HIV at the end of the year per 100,000 (ages 13 and over)",151,Disease Risk,1,,,,,,
CDCAP_HIVDIAG_NHPI_RATE_ABOVE13,"Total number of people living with diagnosed HIV at the end of the year per 100,000, Native Hawaiian and Other Pacific Islander (ages 13 and over)",151,Disease Risk,1,,,,,,
CDCAP_HIVDIAG_RATE_ABOVE13,"Total number of people living with diagnosed HIV at the end of the year per 100,000 population (ages 13 and over)",151,Disease Risk,1,,,,,,
CDCAP_HIVDIAG_WHT_RATE_ABOVE13,"Total number of people living with diagnosed HIV at the end of the year per 100,000, White non-Hispanic (ages 13 and over)",151,Disease Risk,1,,,,,,
CDCAP_HIV_RATE_ABOVE13,"Total number of persons with HIV diagnosed during the year per 100,000 population (ages 13 and over)",151,Disease Risk,1,,,,,,
ACS_PCT_TRICARE_VA_BELOW64,Percentage of population with TRICARE/military or VA coverage only (ages 64 and below),153,financial Risk,-1,,,,,,
ACS_PCT_PUBLIC_ONLY,"Percentage of population with Medicare, Medicaid, TRICARE/military, U.S. Department of Veterans Affairs (VA) coverage and other public-only health insurance combinations",153,financial Risk,-1,,,,,,
ACS_PCT_TRICARE_VA,Percentage of population with TRICARE/military or VA health insurance coverage only,153,financial Risk,-1,,,,,,
CDCA_BLOOD_HOSP_RATE_ABOVE65,"Total high blood pressure hospitalizations per 1,000 Medicare beneficiaries (ages 65 and over)",156,Disease Risk,1,,,,,,
CDCA_BLOOD_HOSP_RATE_ABOVE65,"Total high blood pressure hospitalizations per 1,000 Medicare beneficiaries (ages 65 and over)",156,financial Risk,-1,,,,,,
CDCA_HEART_HOSP_RATE_ABOVE65,"Total cardiovascular disease hospitalizations per 1,000 Medicare beneficiaries (ages 65 and over)",156,Disease Risk,1,,,,,,
CDCA_HEART_HOSP_RATE_ABOVE65,"Total cardiovascular disease hospitalizations per 1,000 Medicare beneficiaries (ages 65 and over)",156,financial Risk,1,,,,,,
CDCA_STROKE_HOSP_RATE_ABOVE65,"Total stroke hospitalizations per 1,000 Medicare beneficiaries (ages 65 and over)",156,Disease Risk,1,,,,,,
CDCA_STROKE_HOSP_RATE_ABOVE65,"Total stroke hospitalizations per 1,000 Medicare beneficiaries (ages 65 and over)",156,financial Risk,-1,,,,,,
CDCP_SLEEP_LESS7HR_ADULT_A,Age-adjusted prevalence of adults aged 18 years and older who report usually getting less than 7 hours of sleep (%),169,Lifestyle,1,,,,,,
CDCP_SLEEP_LESS7HR_ADULT_C,Crude prevalence of adults aged 18 years and older who report usually getting less than 7 hours of sleep (%),169,Lifestyle,1,,,,,,
AHRF_TXC_SITE_CNTRL,Total number of designated toxic sites under control,171,Social Environmental Risk,1,,,,,,
AHRF_TXC_SITE_NO_CNTRL,Total number of designated toxic sites not under control,171,Social Environmental Risk,1,,,,,,
AHRF_TXC_SITE_NO_DATA,Total number of designated toxic sites with insufficient data,171,Social Environmental Risk,1,,,,,,
ACS_PCT_INC50_ABOVE65,Percentage of population with income to poverty ratio under 0.50 (ages 65 and over),173,financial Risk,1,,,,,,
ACS_PCT_INC50_BELOW17,Percentage of children with income to poverty ratio under 0.50  (ages 17 and below),173,financial Risk,1,,,,,,
ACS_PCT_INC50,Percentage of population with income to poverty ratio under 0.50,173,financial Risk,1,,,,,,
ACS_PCT_PERSON_INC_100_124,Percentage of population with an income to poverty ratio between 1.00 and 1.24,173,financial Risk,1,,,,,,
ACS_PCT_PERSON_INC_125_199,Percentage of population with an income to poverty ratio between 1.25 and 1.99,173,financial Risk,-1,,,,,,
ACS_PCT_PERSON_INC_ABOVE200,Percentage of population with an income to poverty ratio of 2.00 or higher,173,financial Risk,-1,,,,,,
ACS_PCT_PERSON_INC_BELOW99,Percentage of population with an income to poverty ratio under 1.00,173,financial Risk,1,,,,,,
CDCP_BLOOD_MED_ADULT_A,Age-adjusted prevalence of adults aged 18 years and older with high blood pressure taking medicine for high blood pressure control (%),179,Disease Risk,1,,,,,,
CDCP_BLOOD_MED_ADULT_C,Crude prevalence of adults aged 18 years and older with high blood pressure taking medicine for high blood pressure control (%),179,Disease Risk,1,,,,,,
CDCP_CHOLES_ADULT_A,"Age-adjusted prevalence of adults aged 18 years and older who report having been told by a doctor, nurse, or other health professional that they had high cholesterol (%)",185,Disease Risk,1,,,,,,
CDCP_CHOLES_ADULT_C,"Crude prevalence of adults aged 18 years and older who report having been told by a doctor, nurse, or other health professional that they had high cholesterol (%)",185,Disease Risk,1,,,,,,
CDCP_CHOLES_SCR_ADULT_A,Age-adjusted prevalence of adults aged 18 years and older who report having their cholesterol checked within the previous 5 years (%),185,Disease Risk,1,,,,,,
CDCP_CHOLES_SCR_ADULT_C,Crude prevalence of adults aged 18 years and older who report having their cholesterol checked within the previous 5 years (%),185,Disease Risk,1,,,,,,
CCBP_FCRSC_RATE,"Total number of fitness centers and recreational sports centers per 1,000 people",188,Lifestyle,-1,,,,,,
CCBP_TOT_FCRSC,Total number of fitness centers and recreational sports centers,188,Lifestyle,-1,,,,,,
ACS_GINI_INDEX,Gini index of income inequality,193,financial Risk,1,,,,,,
CDCP_ARTHRITIS_ADULT_A,Age-adjusted prevalence of arthritis among adults aged 18 years and older (%),196,Disease Risk,1,,,,,,
CDCP_ARTHRITIS_ADULT_C,Crude prevalence of arthritis among adults aged 18 years and older (%),196,Disease Risk,1,,,,,,